"Iteration","CL","CD","CSF","CMx","CMy","CMz","CFx","CFy","CFz","CL/CD","AoA","Custom_ObjFunc","Res_Flow[0]","Res_Flow[1]","Res_Flow[2]","Res_Flow[3]","Res_Flow[4]","Linear_Solver_Iterations","CFL_Number","Time(min)"
           0, -1.53012112e-03, 8.77231892e-03, 0.00000000e+00, 0.00000000e+00, 0.00000000e+00, -8.26333737e-04, 8.77231892e-03, -1.53012112e-03, 0.00000000e+00, -1.74426071e-01, 0.00000000e+00, 0.00000000e+00, -1.77135103e-02, 3.21311465e+00, -1.06803748e+01, 6.22209406e+00, 0.00000000e+00, 9.0000000000, 4.0000000000, 0.0001271854
           1, -1.90558086e-03, 1.31022245e-02, 0.00000000e+00, 0.00000000e+00, 0.00000000e+00, -1.09410081e-03, 1.31022245e-02, -1.90558086e-03, 0.00000000e+00, -1.45439491e-01, 0.00000000e+00, 0.00000000e+00, -1.42095395e-01, 3.06558561e+00, 1.68962592e+00, 6.09386694e+00, 0.00000000e+00, 7.0000000000, 2.0020000000, 0.0002468095
           2, -1.96477758e-03, 1.85836602e-02, 0.00000000e+00, 0.00000000e+00, 0.00000000e+00, -1.31618761e-03, 1.85836602e-02, -1.96477758e-03, 0.00000000e+00, -1.05726082e-01, 0.00000000e+00, 0.00000000e+00, -1.72736074e-01, 3.01757260e+00, 1.86723848e+00, 6.06316236e+00, 0.00000000e+00, 8.0000000000, 2.3102289176, 0.0003486009
           3, -1.70815947e-03, 2.49790150e-02, 0.00000000e+00, 0.00000000e+00, 0.00000000e+00, -1.52231554e-03, 2.49790150e-02, -1.70815947e-03, 0.00000000e+00, -6.83837804e-02, 0.00000000e+00, 0.00000000e+00, -1.97623943e-01, 2.96779064e+00, 2.01932020e+00, 6.03816568e+00, 0.00000000e+00, 8.0000000000, 2.3931799466, 0.0004574767
           4, -1.14148333e-03, 3.23403421e-02, 0.00000000e+00, 0.00000000e+00, 0.00000000e+00, -1.75120441e-03, 3.23403421e-02, -1.14148333e-03, 0.00000000e+00, -3.52959571e-02, 0.00000000e+00, 0.00000000e+00, -2.20857679e-01, 2.91615204e+00, 2.14261370e+00, 6.01456975e+00, 0.00000000e+00, 8.0000000000, 2.4627441124, 0.0005649067
           5, -3.27483838e-04, 4.04914804e-02, 0.00000000e+00, 0.00000000e+00, 0.00000000e+00, -2.01176087e-03, 4.04914804e-02, -3.27483838e-04, 0.00000000e+00, -8.08772203e-03, 0.00000000e+00, 0.00000000e+00, -2.49832775e-01, 2.87068256e+00, 2.24261600e+00, 5.98467743e+00, 0.00000000e+00, 9.0000000000, 2.5295085846, 0.0006919187
           6, 5.88005109e-04, 4.90523810e-02, 0.00000000e+00, 0.00000000e+00, 0.00000000e+00, -2.28411689e-03, 4.90523810e-02, 5.88005109e-04, 0.00000000e+00, 1.19872898e-02, 0.00000000e+00, 0.00000000e+00, -2.80433584e-01, 2.85267174e+00, 2.33557896e+00, 5.95156869e+00, 0.00000000e+00, 9.0000000000, 2.6153131976, 0.0008049231
           7, 1.36953174e-03, 5.73412028e-02, 0.00000000e+00, 0.00000000e+00, 0.00000000e+00, -2.52195444e-03, 5.73412028e-02, 1.36953174e-03, 0.00000000e+00, 2.38839032e-02, 0.00000000e+00, 0.00000000e+00, -3.03008843e-01, 2.86323005e+00, 2.42208047e+00, 5.92641582e+00, 0.00000000e+00, 9.0000000000, 2.7090942207, 0.0009130249
           8, 1.57283101e-03, 6.33664746e-02, 0.00000000e+00, 0.00000000e+00, 0.00000000e+00, -2.62721191e-03, 6.33664746e-02, 1.57283101e-03, 0.00000000e+00, 2.48211853e-02, 0.00000000e+00, 0.00000000e+00, -3.08023259e-01, 2.87932467e+00, 2.46677494e+00, 5.91736440e+00, 0.00000000e+00, 9.0000000000, 2.7804285522, 0.0010216150
           9, 1.04277798e-03, 6.72263146e-02, 0.00000000e+00, 0.00000000e+00, 0.00000000e+00, -2.56639914e-03, 6.72263146e-02, 1.04277798e-03, 0.00000000e+00, 1.55114554e-02, 0.00000000e+00, 0.00000000e+00, -2.75588606e-01, 2.89049150e+00, 2.50630866e+00, 5.95189931e+00, 0.00000000e+00, 9.0000000000, 2.7965265552, 0.0011396140
          10, 5.69023592e-05, 6.88866337e-02, 0.00000000e+00, 0.00000000e+00, 0.00000000e+00, -2.39783218e-03, 6.88866337e-02, 5.69023592e-05, 0.00000000e+00, 8.26029029e-04, 0.00000000e+00, 0.00000000e+00, -2.75346186e-01, 2.90398103e+00, 2.52972014e+00, 5.95403679e+00, 0.00000000e+00, 9.0000000000, 2.5001551972, 0.0012535479
          11, -1.35882627e-03, 6.90503712e-02, 0.00000000e+00, 0.00000000e+00, 0.00000000e+00, -2.13492433e-03, 6.90503712e-02, -1.35882627e-03, 0.00000000e+00, -1.96787685e-02, 0.00000000e+00, 0.00000000e+00, -2.56336378e-01, 2.90482585e+00, 2.54657851e+00, 5.96699690e+00, 0.00000000e+00, 9.0000000000, 2.4980627131, 0.0013602130
          12, -2.90234889e-03, 6.83933532e-02, 0.00000000e+00, 0.00000000e+00, 0.00000000e+00, -1.84303579e-03, 6.83933532e-02, -2.90234889e-03, 0.00000000e+00, -4.24361251e-02, 0.00000000e+00, 0.00000000e+00, -2.49372086e-01, 2.89781797e+00, 2.55518549e+00, 5.97397656e+00, 0.00000000e+00, 9.0000000000, 2.3393145702, 0.0014684849
          13, -4.45424383e-03, 6.74320161e-02, 0.00000000e+00, 0.00000000e+00, 0.00000000e+00, -1.55176299e-03, 6.74320161e-02, -4.45424383e-03, 0.00000000e+00, -6.60553263e-02, 0.00000000e+00, 0.00000000e+00, -2.54249590e-01, 2.89703360e+00, 2.55586374e+00, 5.97103554e+00, 0.00000000e+00, 9.0000000000, 2.2837164883, 0.0015749929
          14, -5.92022798e-03, 6.63888124e-02, 0.00000000e+00, 0.00000000e+00, 0.00000000e+00, -1.28411686e-03, 6.63888124e-02, -5.92022798e-03, 0.00000000e+00, -8.91750849e-02, 0.00000000e+00, 0.00000000e+00, -2.66195541e-01, 2.90100926e+00, 2.55120294e+00, 5.96276481e+00, 0.00000000e+00, 9.0000000000, 2.2965766227, 0.0016932780
          15, -7.16712744e-03, 6.53755421e-02, 0.00000000e+00, 0.00000000e+00, 0.00000000e+00, -1.07058664e-03, 6.53755421e-02, -7.16712744e-03, 0.00000000e+00, -1.09630103e-01, 0.00000000e+00, 0.00000000e+00, -2.71173585e-01, 2.90863442e+00, 2.54617324e+00, 5.96061955e+00, 0.00000000e+00, 9.0000000000, 2.3283802934, 0.0018601410
          16, -8.13260751e-03, 6.44414811e-02, 0.00000000e+00, 0.00000000e+00, 0.00000000e+00, -9.24047951e-04, 6.44414811e-02, -8.13260751e-03, 0.00000000e+00, -1.26201437e-01, 0.00000000e+00, 0.00000000e+00, -2.69547278e-01, 2.91662596e+00, 2.54153177e+00, 5.96388494e+00, 0.00000000e+00, 9.0000000000, 2.3417629840, 0.0019669419
          17, -8.78359510e-03, 6.36030103e-02, 0.00000000e+00, 0.00000000e+00, 0.00000000e+00, -8.50331949e-04, 6.36030103e-02, -8.78359510e-03, 0.00000000e+00, -1.38100305e-01, 0.00000000e+00, 0.00000000e+00, -2.65174922e-01, 2.92336963e+00, 2.53596042e+00, 5.96919141e+00, 0.00000000e+00, 9.0000000000, 2.3286460249, 0.0020803896
          18, -9.16870122e-03, 6.29045058e-02, 0.00000000e+00, 0.00000000e+00, 0.00000000e+00, -8.36726718e-04, 6.29045058e-02, -9.16870122e-03, 0.00000000e+00, -1.45755874e-01, 0.00000000e+00, 0.00000000e+00, -2.61440650e-01, 2.92899768e+00, 2.53048907e+00, 5.97399887e+00, 0.00000000e+00, 9.0000000000, 2.2937439889, 0.0022212271
          19, -9.34591976e-03, 6.23511112e-02, 0.00000000e+00, 0.00000000e+00, 0.00000000e+00, -8.69321162e-04, 6.23511112e-02, -9.34591976e-03, 0.00000000e+00, -1.49891791e-01, 0.00000000e+00, 0.00000000e+00, -2.57439406e-01, 2.93393768e+00, 2.52701461e+00, 5.97851589e+00, 0.00000000e+00, 9.0000000000, 2.2643498876, 0.0023309124
          20, -9.36476711e-03, 6.19302301e-02, 0.00000000e+00, 0.00000000e+00, 0.00000000e+00, -9.36104119e-04, 6.19302301e-02, -9.36476711e-03, 0.00000000e+00, -1.51214796e-01, 0.00000000e+00, 0.00000000e+00, -2.54037476e-01, 2.93769062e+00, 2.52433545e+00, 5.98189021e+00, 0.00000000e+00, 9.0000000000, 2.2332722496, 0.0024536623
          21, -9.29487973e-03, 6.16328652e-02, 0.00000000e+00, 0.00000000e+00, 0.00000000e+00, -1.02089602e-03, 6.16328652e-02, -9.29487973e-03, 0.00000000e+00, -1.50810444e-01, 0.00000000e+00, 0.00000000e+00, -2.52865549e-01, 2.93991029e+00, 2.52060320e+00, 5.98299388e+00, 0.00000000e+00, 9.0000000000, 2.2071851915, 0.0025614744
          22, -9.18649424e-03, 6.14440016e-02, 0.00000000e+00, 0.00000000e+00, 0.00000000e+00, -1.11236077e-03, 6.14440016e-02, -9.18649424e-03, 0.00000000e+00, -1.49510025e-01, 0.00000000e+00, 0.00000000e+00, -2.53487362e-01, 2.94078762e+00, 2.51556572e+00, 5.98219766e+00, 0.00000000e+00, 9.0000000000, 2.1982692419, 0.0026862051
          23, -9.07379922e-03, 6.13480985e-02, 0.00000000e+00, 0.00000000e+00, 0.00000000e+00, -1.20263867e-03, 6.13480985e-02, -9.07379922e-03, 0.00000000e+00, -1.47906772e-01, 0.00000000e+00, 0.00000000e+00, -2.55323078e-01, 2.94062461e+00, 2.50958010e+00, 5.98003986e+00, 0.00000000e+00, 9.0000000000, 2.1998435208, 0.0027949053
          24, -8.97934867e-03, 6.13302356e-02, 0.00000000e+00, 0.00000000e+00, 0.00000000e+00, -1.28633159e-03, 6.13302356e-02, -8.97934867e-03, 0.00000000e+00, -1.46409819e-01, 0.00000000e+00, 0.00000000e+00, -2.58090149e-01, 2.93939289e+00, 2.50281243e+00, 5.97670025e+00, 0.00000000e+00, 9.0000000000, 2.2044976880, 0.0029036387
          25, -8.91839559e-03, 6.13766504e-02, 0.00000000e+00, 0.00000000e+00, 0.00000000e+00, -1.35976152e-03, 6.13766504e-02, -8.91839559e-03, 0.00000000e+00, -1.45306000e-01, 0.00000000e+00, 0.00000000e+00, -2.61568839e-01, 2.93717924e+00, 2.49551139e+00, 5.97238039e+00, 0.00000000e+00, 9.0000000000, 2.2115317745, 0.0030240520
          26, -8.89516102e-03, 6.14734035e-02, 0.00000000e+00, 0.00000000e+00, 0.00000000e+00, -1.42178723e-03, 6.14734035e-02, -8.89516102e-03, 0.00000000e+00, -1.44699342e-01, 0.00000000e+00, 0.00000000e+00, -2.65659415e-01, 2.93404668e+00, 2.48789943e+00, 5.96720198e+00, 0.00000000e+00, 9.0000000000, 2.2204066961, 0.0031323455
          27, -8.91164904e-03, 6.16071905e-02, 0.00000000e+00, 0.00000000e+00, 0.00000000e+00, -1.47185473e-03, 6.16071905e-02, -8.91164904e-03, 0.00000000e+00, -1.44652742e-01, 0.00000000e+00, 0.00000000e+00, -2.70211119e-01, 2.93008048e+00, 2.48044654e+00, 5.96134155e+00, 0.00000000e+00, 9.0000000000, 2.2308882505, 0.0032510576
          28, -8.96711388e-03, 6.17678409e-02, 0.00000000e+00, 0.00000000e+00, 0.00000000e+00, -1.51009660e-03, 6.17678409e-02, -8.96711388e-03, 0.00000000e+00, -1.45174475e-01, 0.00000000e+00, 0.00000000e+00, -2.75127150e-01, 2.92533817e+00, 2.47348797e+00, 5.95491637e+00, 0.00000000e+00, 9.0000000000, 2.2426095564, 0.0033591297
          29, -9.05828732e-03, 6.19477998e-02, 0.00000000e+00, 0.00000000e+00, 0.00000000e+00, -1.53728823e-03, 6.19477998e-02, -9.05828732e-03, 0.00000000e+00, -1.46224520e-01, 0.00000000e+00, 0.00000000e+00, -2.80353571e-01, 2.91990840e+00, 2.46724009e+00, 5.94803756e+00, 0.00000000e+00, 9.0000000000, 2.2553382419, 0.0034726973
          30, -9.18020288e-03, 6.21417019e-02, 0.00000000e+00, 0.00000000e+00, 0.00000000e+00, -1.55466194e-03, 6.21417019e-02, -9.18020288e-03, 0.00000000e+00, -1.47730149e-01, 0.00000000e+00, 0.00000000e+00, -2.85859316e-01, 2.91389508e+00, 2.46181957e+00, 5.94080818e+00, 0.00000000e+00, 9.0000000000, 2.2689498377, 0.0035884774
          31, -9.32709098e-03, 6.23457843e-02, 0.00000000e+00, 0.00000000e+00, 0.00000000e+00, -1.56370116e-03, 6.23457843e-02, -9.32709098e-03, 0.00000000e+00, -1.49602593e-01, 0.00000000e+00, 0.00000000e+00, -2.91577445e-01, 2.90743054e+00, 2.45727163e+00, 5.93336250e+00, 0.00000000e+00, 9.0000000000, 2.2833777615, 0.0037048437
          32, -9.49310421e-03, 6.25573234e-02, 0.00000000e+00, 0.00000000e+00, 0.00000000e+00, -1.56597238e-03, 6.25573234e-02, -9.49310421e-03, 0.00000000e+00, -1.51750486e-01, 0.00000000e+00, 0.00000000e+00, -2.97436211e-01, 2.90066709e+00, 2.45356792e+00, 5.92584499e+00, 0.00000000e+00, 9.0000000000, 2.2984593724, 0.0038326061
          33, -9.67276181e-03, 6.27741908e-02, 0.00000000e+00, 0.00000000e+00, 0.00000000e+00, -1.56301216e-03, 6.27741908e-02, -9.67276181e-03, 0.00000000e+00, -1.54088196e-01, 0.00000000e+00, 0.00000000e+00, -3.03354413e-01, 2.89376252e+00, 2.45062764e+00, 5.91840837e+00, 0.00000000e+00, 9.0000000000, 2.3140152360, 0.0039439809
          34, -9.86156445e-03, 6.29946062e-02, 0.00000000e+00, 0.00000000e+00, 0.00000000e+00, -1.55619174e-03, 6.29946062e-02, -9.86156445e-03, 0.00000000e+00, -1.56546172e-01, 0.00000000e+00, 0.00000000e+00, -3.09252490e-01, 2.88687486e+00, 2.44832540e+00, 5.91120356e+00, 0.00000000e+00, 9.0000000000, 2.3298358059, 0.0040528991
          35, -1.00564166e-02, 6.32169647e-02, 0.00000000e+00, 0.00000000e+00, 0.00000000e+00, -1.54659122e-03, 6.32169647e-02, -1.00564166e-02, 0.00000000e+00, -1.59077814e-01, 0.00000000e+00, 0.00000000e+00, -3.15030983e-01, 2.88017093e+00, 2.44653317e+00, 5.90439015e+00, 0.00000000e+00, 9.0000000000, 2.3457101874, 0.0041611783
          36, -1.02542978e-02, 6.34394046e-02, 0.00000000e+00, 0.00000000e+00, 0.00000000e+00, -1.53527802e-03, 6.34394046e-02, -1.02542978e-02, 0.00000000e+00, -1.61639251e-01, 0.00000000e+00, 0.00000000e+00, -3.20635144e-01, 2.87378096e+00, 2.44505929e+00, 5.89807929e+00, 0.00000000e+00, 9.0000000000, 2.3613676027, 0.0042797547
          37, -1.04522811e-02, 6.36599966e-02, 0.00000000e+00, 0.00000000e+00, 0.00000000e+00, -1.52329712e-03, 6.36599966e-02, -1.04522811e-02, 0.00000000e+00, -1.64189156e-01, 0.00000000e+00, 0.00000000e+00, -3.26045950e-01, 2.86781182e+00, 2.44366068e+00, 5.89234328e+00, 0.00000000e+00, 9.0000000000, 2.3766524706, 0.0044012121
          38, -1.06485944e-02, 6.38770791e-02, 0.00000000e+00, 0.00000000e+00, 0.00000000e+00, -1.51142393e-03, 6.38770791e-02, -1.06485944e-02, 0.00000000e+00, -1.66704466e-01, 0.00000000e+00, 0.00000000e+00, -3.31146586e-01, 2.86236090e+00, 2.44235039e+00, 5.88729016e+00, 0.00000000e+00, 9.0000000000, 2.3915038458, 0.0045102312
          39, -1.08423477e-02, 6.40888841e-02, 0.00000000e+00, 0.00000000e+00, 0.00000000e+00, -1.50020850e-03, 6.40888841e-02, -1.08423477e-02, 0.00000000e+00, -1.69176728e-01, 0.00000000e+00, 0.00000000e+00, -3.36031612e-01, 2.85734998e+00, 2.44088857e+00, 5.88281137e+00, 0.00000000e+00, 9.0000000000, 2.4055888477, 0.0046177906
          40, -1.10332793e-02, 6.42937572e-02, 0.00000000e+00, 0.00000000e+00, 0.00000000e+00, -1.49003427e-03, 6.42937572e-02, -1.10332793e-02, 0.00000000e+00, -1.71607319e-01, 0.00000000e+00, 0.00000000e+00, -3.40754789e-01, 2.85272839e+00, 2.43909092e+00, 5.87882439e+00, 0.00000000e+00, 9.0000000000, 2.4191562221, 0.0047269974
          41, -1.12207806e-02, 6.44907486e-02, 0.00000000e+00, 0.00000000e+00, 0.00000000e+00, -1.48132205e-03, 6.44907486e-02, -1.12207806e-02, 0.00000000e+00, -1.73990546e-01, 0.00000000e+00, 0.00000000e+00, -3.45411851e-01, 2.84838216e+00, 2.43678954e+00, 5.87518801e+00, 0.00000000e+00, 8.0000000000, 2.4323468415, 0.0048370735
          42, -1.14046517e-02, 6.46792905e-02, 0.00000000e+00, 0.00000000e+00, 0.00000000e+00, -1.47436162e-03, 6.46792905e-02, -1.14046517e-02, 0.00000000e+00, -1.76326172e-01, 0.00000000e+00, 0.00000000e+00, -3.50021598e-01, 2.84426350e+00, 2.43390239e+00, 5.87181717e+00, 0.00000000e+00, 8.0000000000, 2.4454232347, 0.0049506589
          43, -1.15839626e-02, 6.48579692e-02, 0.00000000e+00, 0.00000000e+00, 0.00000000e+00, -1.46956154e-03, 6.48579692e-02, -1.15839626e-02, 0.00000000e+00, -1.78605077e-01, 0.00000000e+00, 0.00000000e+00, -3.54629645e-01, 2.84029529e+00, 2.43037301e+00, 5.86859800e+00, 0.00000000e+00, 8.0000000000, 2.4584360043, 0.0050513092
          44, -1.17532986e-02, 6.50199082e-02, 0.00000000e+00, 0.00000000e+00, 0.00000000e+00, -1.46830740e-03, 6.50199082e-02, -1.17532986e-02, 0.00000000e+00, -1.80764614e-01, 0.00000000e+00, 0.00000000e+00, -3.59279363e-01, 2.83637975e+00, 2.42616514e+00, 5.86540217e+00, 0.00000000e+00, 8.0000000000, 2.4715131828, 0.0051593141
          45, -1.19135973e-02, 6.51672914e-02, 0.00000000e+00, 0.00000000e+00, 0.00000000e+00, -1.47045989e-03, 6.51672914e-02, -1.19135973e-02, 0.00000000e+00, -1.82815597e-01, 0.00000000e+00, 0.00000000e+00, -3.64016694e-01, 2.83240120e+00, 2.42127034e+00, 5.86209530e+00, 0.00000000e+00, 8.0000000000, 2.4847791265, 0.0052744743
          46, -1.20663900e-02, 6.53030671e-02, 0.00000000e+00, 0.00000000e+00, 0.00000000e+00, -1.47569872e-03, 6.53030671e-02, -1.20663900e-02, 0.00000000e+00, -1.84775242e-01, 0.00000000e+00, 0.00000000e+00, -3.68916296e-01, 2.82826238e+00, 2.41572131e+00, 5.85853249e+00, 0.00000000e+00, 8.0000000000, 2.4983682704, 0.0053822868
          47, -1.22131834e-02, 6.54298574e-02, 0.00000000e+00, 0.00000000e+00, 0.00000000e+00, -1.48367648e-03, 6.54298574e-02, -1.22131834e-02, 0.00000000e+00, -1.86660707e-01, 0.00000000e+00, 0.00000000e+00, -3.74047892e-01, 2.82385974e+00, 2.40956849e+00, 5.85457603e+00, 0.00000000e+00, 9.0000000000, 2.5125010770, 0.0055438097
          48, -1.23551736e-02, 6.55498582e-02, 0.00000000e+00, 0.00000000e+00, 0.00000000e+00, -1.49408018e-03, 6.55498582e-02, -1.23551736e-02, 0.00000000e+00, -1.88485131e-01, 0.00000000e+00, 0.00000000e+00, -3.79485808e-01, 2.81909646e+00, 2.40284938e+00, 5.85008899e+00, 0.00000000e+00, 9.0000000000, 2.5273887907, 0.0056604585
          49, -1.24932058e-02, 6.56647764e-02, 0.00000000e+00, 0.00000000e+00, 0.00000000e+00, -1.50664735e-03, 6.56647764e-02, -1.24932058e-02, 0.00000000e+00, -1.90257341e-01, 0.00000000e+00, 0.00000000e+00, -3.85291078e-01, 2.81388872e+00, 2.39562993e+00, 5.84495193e+00, 0.00000000e+00, 9.0000000000, 2.5432614767, 0.0058152338
          50, -1.26277145e-02, 6.57758483e-02, 0.00000000e+00, 0.00000000e+00, 0.00000000e+00, -1.52118493e-03, 6.57758483e-02, -1.26277145e-02, 0.00000000e+00, -1.91981022e-01, 0.00000000e+00, 0.00000000e+00, -3.91519530e-01, 2.80816909e+00, 2.38798133e+00, 5.83906132e+00, 0.00000000e+00, 9.0000000000, 2.5603164577, 0.0059236067
          51, -1.27587602e-02, 6.58838871e-02, 0.00000000e+00, 0.00000000e+00, 0.00000000e+00, -1.53756703e-03, 6.58838871e-02, -1.27587602e-02, 0.00000000e+00, -1.93655243e-01, 0.00000000e+00, 0.00000000e+00, -3.98207648e-01, 2.80189331e+00, 2.37999878e+00, 5.83234271e+00, 0.00000000e+00, 9.0000000000, 2.5787418808, 0.0060670376
          52, -1.28861991e-02, 6.59891641e-02, 0.00000000e+00, 0.00000000e+00, 0.00000000e+00, -1.55570350e-03, 6.59891641e-02, -1.28861991e-02, 0.00000000e+00, -1.95277501e-01, 0.00000000e+00, 0.00000000e+00, -4.05415210e-01, 2.79502230e+00, 2.37171391e+00, 5.82472028e+00, 0.00000000e+00, 9.0000000000, 2.5986747884, 0.0061764114
          53, -1.30097194e-02, 6.60917868e-02, 0.00000000e+00, 0.00000000e+00, 0.00000000e+00, -1.57553519e-03, 6.60917868e-02, -1.30097194e-02, 0.00000000e+00, -1.96843208e-01, 0.00000000e+00, 0.00000000e+00, -4.13208328e-01, 2.78752916e+00, 2.36312687e+00, 5.81613240e+00, 0.00000000e+00, 9.0000000000, 2.6203283384, 0.0063034825
          54, -1.31288295e-02, 6.61917695e-02, 0.00000000e+00, 0.00000000e+00, 0.00000000e+00, -1.59703809e-03, 6.61917695e-02, -1.31288295e-02, 0.00000000e+00, -1.98345348e-01, 0.00000000e+00, 0.00000000e+00, -4.21634453e-01, 2.77941077e+00, 2.35424551e+00, 5.80655254e+00, 0.00000000e+00, 9.0000000000, 2.6439441247, 0.0064177910
          55, -1.32428555e-02, 6.62891172e-02, 0.00000000e+00, 0.00000000e+00, 0.00000000e+00, -1.62022272e-03, 6.62891172e-02, -1.32428555e-02, 0.00000000e+00, -1.99774202e-01, 0.00000000e+00, 0.00000000e+00, -4.30756202e-01, 2.77067026e+00, 2.34501712e+00, 5.79596406e+00, 0.00000000e+00, 9.0000000000, 2.6697176663, 0.0065347393
          56, -1.33511688e-02, 6.63837630e-02, 0.00000000e+00, 0.00000000e+00, 0.00000000e+00, -1.64509532e-03, 6.63837630e-02, -1.33511688e-02, 0.00000000e+00, -2.01121000e-01, 0.00000000e+00, 0.00000000e+00, -4.40641046e-01, 2.76131903e+00, 2.33535756e+00, 5.78436904e+00, 0.00000000e+00, 9.0000000000, 2.6979022455, 0.0066608169
          57, -1.34531508e-02, 6.64756253e-02, 0.00000000e+00, 0.00000000e+00, 0.00000000e+00, -1.67166212e-03, 6.64756253e-02, -1.34531508e-02, 0.00000000e+00, -2.02377198e-01, 0.00000000e+00, 0.00000000e+00, -4.51341700e-01, 2.75139125e+00, 2.32516452e+00, 5.77180516e+00, 0.00000000e+00, 9.0000000000, 2.7287806828, 0.0067691113
          58, -1.35481859e-02, 6.65646301e-02, 0.00000000e+00, 0.00000000e+00, 0.00000000e+00, -1.69992849e-03, 6.65646301e-02, -1.35481859e-02, 0.00000000e+00, -2.03534307e-01, 0.00000000e+00, 0.00000000e+00, -4.62908875e-01, 2.74092983e+00, 2.31430857e+00, 5.75833334e+00, 0.00000000e+00, 9.0000000000, 2.7626060526, 0.0069133795
          59, -1.36356472e-02, 6.66507334e-02, 0.00000000e+00, 0.00000000e+00, 0.00000000e+00, -1.72990042e-03, 6.66507334e-02, -1.36356472e-02, 0.00000000e+00, -2.04583604e-01, 0.00000000e+00, 0.00000000e+00, -4.75390596e-01, 2.72998811e+00, 2.30263834e+00, 5.74404121e+00, 0.00000000e+00, 9.0000000000, 2.7996422965, 0.0070219240
          60, -1.37149251e-02, 6.67339094e-02, 0.00000000e+00, 0.00000000e+00, 0.00000000e+00, -1.76157653e-03, 6.67339094e-02, -1.37149251e-02, 0.00000000e+00, -2.05516584e-01, 0.00000000e+00, 0.00000000e+00, -4.88828005e-01, 2.71862940e+00, 2.28999059e+00, 5.72904447e+00, 0.00000000e+00, 9.0000000000, 2.8401639256, 0.0071590867
          61, -1.37855957e-02, 6.68141275e-02, 0.00000000e+00, 0.00000000e+00, 0.00000000e+00, -1.79491507e-03, 6.68141275e-02, -1.37855957e-02, 0.00000000e+00, -2.06327557e-01, 0.00000000e+00, 0.00000000e+00, -5.03252240e-01, 2.70692327e+00, 2.27620051e+00, 5.71348412e+00, 0.00000000e+00, 9.0000000000, 2.8844439982, 0.0072772422
          62, -1.38473490e-02, 6.68913724e-02, 0.00000000e+00, 0.00000000e+00, 0.00000000e+00, -1.82984587e-03, 6.68913724e-02, -1.38473490e-02, 0.00000000e+00, -2.07012482e-01, 0.00000000e+00, 0.00000000e+00, -5.18690992e-01, 2.69493587e+00, 2.26110261e+00, 5.69751498e+00, 0.00000000e+00, 9.0000000000, 2.9327444979, 0.0074283365
          63, -1.38999304e-02, 6.69656341e-02, 0.00000000e+00, 0.00000000e+00, 0.00000000e+00, -1.86628059e-03, 6.69656341e-02, -1.38999304e-02, 0.00000000e+00, -2.07568114e-01, 0.00000000e+00, 0.00000000e+00, -5.35158875e-01, 2.68273417e+00, 2.24454003e+00, 5.68130661e+00, 0.00000000e+00, 9.0000000000, 2.9853386585, 0.0075386279
          64, -1.39430477e-02, 6.70368769e-02, 0.00000000e+00, 0.00000000e+00, 0.00000000e+00, -1.90413193e-03, 6.70368769e-02, -1.39430477e-02, 0.00000000e+00, -2.07990712e-01, 0.00000000e+00, 0.00000000e+00, -5.52595670e-01, 2.67042311e+00, 2.22641846e+00, 5.66508151e+00, 0.00000000e+00, 9.0000000000, 3.0424786999, 0.0076647212
          65, -1.39765682e-02, 6.71051036e-02, 0.00000000e+00, 0.00000000e+00, 0.00000000e+00, -1.94326473e-03, 6.71051036e-02, -1.39765682e-02, 0.00000000e+00, -2.08278767e-01, 0.00000000e+00, 0.00000000e+00, -5.70952281e-01, 2.65805993e+00, 2.20665909e+00, 5.64901621e+00, 0.00000000e+00, 9.0000000000, 3.1041731907, 0.0077863861
          66, -1.40003658e-02, 6.71703026e-02, 0.00000000e+00, 0.00000000e+00, 0.00000000e+00, -1.98353084e-03, 6.71703026e-02, -1.40003658e-02, 0.00000000e+00, -2.08430887e-01, 0.00000000e+00, 0.00000000e+00, -5.90166936e-01, 2.64568228e+00, 2.18520272e+00, 5.63325654e+00, 0.00000000e+00, 9.0000000000, 3.1704743885, 0.0079113622
          67, -1.40144232e-02, 6.72324691e-02, 0.00000000e+00, 0.00000000e+00, 0.00000000e+00, -2.02474447e-03, 6.72324691e-02, -1.40144232e-02, 0.00000000e+00, -2.08447248e-01, 0.00000000e+00, 0.00000000e+00, -6.10151591e-01, 2.63331588e+00, 2.16202910e+00, 5.61791425e+00, 0.00000000e+00, 9.0000000000, 3.2413921578, 0.0080444234
          68, -1.40186764e-02, 6.72915373e-02, 0.00000000e+00, 0.00000000e+00, 0.00000000e+00, -2.06671999e-03, 6.72915373e-02, -1.40186764e-02, 0.00000000e+00, -2.08327481e-01, 0.00000000e+00, 0.00000000e+00, -6.30790256e-01, 2.62097048e+00, 2.13716586e+00, 5.60305546e+00, 0.00000000e+00, 9.0000000000, 3.3168352828, 0.0081534193
          69, -1.40131032e-02, 6.73474444e-02, 0.00000000e+00, 0.00000000e+00, 0.00000000e+00, -2.10925282e-03, 6.73474444e-02, -1.40131032e-02, 0.00000000e+00, -2.08071788e-01, 0.00000000e+00, 0.00000000e+00, -6.51918807e-01, 2.60863569e+00, 2.11070900e+00, 5.58870418e+00, 0.00000000e+00, 9.0000000000, 3.3965908612, 0.0082856603
          70, -1.39977432e-02, 6.74001728e-02, 0.00000000e+00, 0.00000000e+00, 0.00000000e+00, -2.15211444e-03, 6.74001728e-02, -1.39977432e-02, 0.00000000e+00, -2.07681117e-01, 0.00000000e+00, 0.00000000e+00, -6.73359163e-01, 2.59628211e+00, 2.08279491e+00, 5.57482403e+00, 0.00000000e+00, 9.0000000000, 3.4802265223, 0.0084065235
          71, -1.39728430e-02, 6.74497412e-02, 0.00000000e+00, 0.00000000e+00, 0.00000000e+00, -2.19502661e-03, 6.74497412e-02, -1.39728430e-02, 0.00000000e+00, -2.07159327e-01, 0.00000000e+00, 0.00000000e+00, -6.94927295e-01, 2.58386440e+00, 2.05360316e+00, 5.56132616e+00, 0.00000000e+00, 9.0000000000, 3.5672018956, 0.0085466871
          72, -1.39387735e-02, 6.74961707e-02, 0.00000000e+00, 0.00000000e+00, 0.00000000e+00, -2.23768738e-03, 6.74961707e-02, -1.39387735e-02, 0.00000000e+00, -2.06512064e-01, 0.00000000e+00, 0.00000000e+00, -7.16441613e-01, 2.57132759e+00, 2.02336387e+00, 5.54808267e+00, 0.00000000e+00, 9.0000000000, 3.6568888165, 0.0086571928
          73, -1.38960029e-02, 6.75394595e-02, 0.00000000e+00, 0.00000000e+00, 0.00000000e+00, -2.27978274e-03, 6.75394595e-02, -1.38960029e-02, 0.00000000e+00, -2.05746433e-01, 0.00000000e+00, 0.00000000e+00, -7.37731221e-01, 2.55860765e+00, 1.99235345e+00, 5.53494139e+00, 0.00000000e+00, 9.0000000000, 3.7485984003, 0.0087856196
          74, -1.38450135e-02, 6.75795859e-02, 0.00000000e+00, 0.00000000e+00, 0.00000000e+00, -2.32100843e-03, 6.75795859e-02, -1.38450135e-02, 0.00000000e+00, -2.04869759e-01, 0.00000000e+00, 0.00000000e+00, -7.58647058e-01, 2.54563648e+00, 1.96088794e+00, 5.52174131e+00, 0.00000000e+00, 10.0000000000, 3.8416139468, 0.0089319639
          75, -1.37862993e-02, 6.76165329e-02, 0.00000000e+00, 0.00000000e+00, 0.00000000e+00, -2.36107707e-03, 6.76165329e-02, -1.37862993e-02, 0.00000000e+00, -2.03889474e-01, 0.00000000e+00, 0.00000000e+00, -7.79081907e-01, 2.53234636e+00, 1.92929747e+00, 5.50832606e+00, 0.00000000e+00, 10.0000000000, 3.9352437495, 0.0090723472
          76, -1.37203732e-02, 6.76502984e-02, 0.00000000e+00, 0.00000000e+00, 0.00000000e+00, -2.39972218e-03, 6.76502984e-02, -1.37203732e-02, 0.00000000e+00, -2.02813195e-01, 0.00000000e+00, 0.00000000e+00, -7.98977152e-01, 2.51867332e+00, 1.89790712e+00, 5.49455413e+00, 0.00000000e+00, 10.0000000000, 4.0289238812, 0.0091943963
          77, -1.36477722e-02, 6.76809051e-02, 0.00000000e+00, 0.00000000e+00, 0.00000000e+00, -2.43670100e-03, 6.76809051e-02, -1.36477722e-02, 0.00000000e+00, -2.01648784e-01, 0.00000000e+00, 0.00000000e+00, -8.18340991e-01, 2.50455222e+00, 1.86699928e+00, 5.48029637e+00, 0.00000000e+00, 10.0000000000, 4.1222723827, 0.0093344373
          78, -1.35690502e-02, 6.77084026e-02, 0.00000000e+00, 0.00000000e+00, 0.00000000e+00, -2.47179826e-03, 6.77084026e-02, -1.35690502e-02, 0.00000000e+00, -2.00404228e-01, 0.00000000e+00, 0.00000000e+00, -8.37231868e-01, 2.48991881e+00, 1.83684158e+00, 5.46544530e+00, 0.00000000e+00, 10.0000000000, 4.2152040634, 0.0094699062
          79, -1.34847649e-02, 6.77328713e-02, 0.00000000e+00, 0.00000000e+00, 0.00000000e+00, -2.50483178e-03, 6.77328713e-02, -1.34847649e-02, 0.00000000e+00, -1.99087454e-01, 0.00000000e+00, 0.00000000e+00, -8.55750334e-01, 2.47471421e+00, 1.80765384e+00, 5.44991688e+00, 0.00000000e+00, 10.0000000000, 4.3078844195, 0.0095928652
          80, -1.33954636e-02, 6.77544280e-02, 0.00000000e+00, 0.00000000e+00, 0.00000000e+00, -2.53565259e-03, 6.77544280e-02, -1.33954636e-02, 0.00000000e+00, -1.97706098e-01, 0.00000000e+00, 0.00000000e+00, -8.74040060e-01, 2.45888096e+00, 1.77957140e+00, 5.43364144e+00, 0.00000000e+00, 10.0000000000, 4.4007153268, 0.0097287987
          81, -1.33017110e-02, 6.77732140e-02, 0.00000000e+00, 0.00000000e+00, 0.00000000e+00, -2.56413537e-03, 6.77732140e-02, -1.33017110e-02, 0.00000000e+00, -1.96267969e-01, 0.00000000e+00, 0.00000000e+00, -8.92266847e-01, 2.44236422e+00, 1.75266512e+00, 5.41656399e+00, 0.00000000e+00, 10.0000000000, 4.4943629208, 0.0098500949
          82, -1.32040736e-02, 6.77893880e-02, 0.00000000e+00, 0.00000000e+00, 0.00000000e+00, -2.59017887e-03, 6.77893880e-02, -1.32040736e-02, 0.00000000e+00, -1.94780834e-01, 0.00000000e+00, 0.00000000e+00, -9.10601532e-01, 2.42511614e+00, 1.72693691e+00, 5.39864454e+00, 0.00000000e+00, 10.0000000000, 4.5896707587, 0.0099983042
          83, -1.31030347e-02, 6.78031314e-02, 0.00000000e+00, 0.00000000e+00, 0.00000000e+00, -2.61371583e-03, 6.78031314e-02, -1.31030347e-02, 0.00000000e+00, -1.93251174e-01, 0.00000000e+00, 0.00000000e+00, -9.29218922e-01, 2.40708890e+00, 1.70232684e+00, 5.37984837e+00, 0.00000000e+00, 10.0000000000, 4.6875819658, 0.0101134351
          84, -1.29990698e-02, 6.78146215e-02, 0.00000000e+00, 0.00000000e+00, 0.00000000e+00, -2.63469218e-03, 6.78146215e-02, -1.29990698e-02, 0.00000000e+00, -1.91685355e-01, 0.00000000e+00, 0.00000000e+00, -9.48273654e-01, 2.38823827e+00, 1.67878238e+00, 5.36015179e+00, 0.00000000e+00, 10.0000000000, 4.7891404101, 0.0102661526
          85, -1.28925913e-02, 6.78240374e-02, 0.00000000e+00, 0.00000000e+00, 0.00000000e+00, -2.65307173e-03, 6.78240374e-02, -1.28925913e-02, 0.00000000e+00, -1.90088821e-01, 0.00000000e+00, 0.00000000e+00, -9.67912240e-01, 2.36851880e+00, 1.65622221e+00, 5.33953204e+00, 0.00000000e+00, 10.0000000000, 4.8953633919, 0.0103838974
          86, -1.27839499e-02, 6.78315567e-02, 0.00000000e+00, 0.00000000e+00, 0.00000000e+00, -2.66883192e-03, 6.78315567e-02, -1.27839499e-02, 0.00000000e+00, -1.88466114e-01, 0.00000000e+00, 0.00000000e+00, -9.88254958e-01, 2.34789952e+00, 1.63452413e+00, 5.31798088e+00, 0.00000000e+00, 11.0000000000, 5.0073071132, 0.0105424122
          87, -1.26734308e-02, 6.78373538e-02, 0.00000000e+00, 0.00000000e+00, 0.00000000e+00, -2.68196295e-03, 6.78373538e-02, -1.26734308e-02, 0.00000000e+00, -1.86820831e-01, 0.00000000e+00, 0.00000000e+00, -1.00946466e+00, 2.32631977e+00, 1.61351866e+00, 5.29545617e+00, 0.00000000e+00, 11.0000000000, 5.1259644279, 0.0106775366
          88, -1.25612254e-02, 6.78415993e-02, 0.00000000e+00, 0.00000000e+00, 0.00000000e+00, -2.69246787e-03, 6.78415993e-02, -1.25612254e-02, 0.00000000e+00, -1.85155207e-01, 0.00000000e+00, 0.00000000e+00, -1.03185458e+00, 2.30362686e+00, 1.59292113e+00, 5.27180930e+00, 0.00000000e+00, 11.0000000000, 5.2526738812, 0.0108301922
          89, -1.24474846e-02, 6.78444426e-02, 0.00000000e+00, 0.00000000e+00, 0.00000000e+00, -2.70034692e-03, 6.78444426e-02, -1.24474846e-02, 0.00000000e+00, -1.83470954e-01, 0.00000000e+00, 0.00000000e+00, -1.05534979e+00, 2.27989030e+00, 1.57266159e+00, 5.24714837e+00, 0.00000000e+00, 11.0000000000, 5.3898340876, 0.0109648957
          90, -1.23323192e-02, 6.78460206e-02, 0.00000000e+00, 0.00000000e+00, 0.00000000e+00, -2.70560427e-03, 6.78460206e-02, -1.23323192e-02, 0.00000000e+00, -1.81769234e-01, 0.00000000e+00, 0.00000000e+00, -1.07968180e+00, 2.25529555e+00, 1.55275589e+00, 5.22171522e+00, 0.00000000e+00, 11.0000000000, 5.5376181388, 0.0111193581
          91, -1.22158285e-02, 6.78464576e-02, 0.00000000e+00, 0.00000000e+00, 0.00000000e+00, -2.70825067e-03, 6.78464576e-02, -1.22158285e-02, 0.00000000e+00, -1.80051089e-01, 0.00000000e+00, 0.00000000e+00, -1.10476115e+00, 2.22993165e+00, 1.53309144e+00, 5.19563855e+00, 0.00000000e+00, 11.0000000000, 5.6949381274, 0.0112495544
          92, -1.20980891e-02, 6.78458645e-02, 0.00000000e+00, 0.00000000e+00, 0.00000000e+00, -2.70830742e-03, 6.78458645e-02, -1.20980891e-02, 0.00000000e+00, -1.78317267e-01, 0.00000000e+00, 0.00000000e+00, -1.13059292e+00, 2.20383932e+00, 1.51347254e+00, 5.16898879e+00, 0.00000000e+00, 11.0000000000, 5.8617687706, 0.0113884842
          93, -1.19791507e-02, 6.78443375e-02, 0.00000000e+00, 0.00000000e+00, 0.00000000e+00, -2.70580640e-03, 6.78443375e-02, -1.19791507e-02, 0.00000000e+00, -1.76568173e-01, 0.00000000e+00, 0.00000000e+00, -1.15715207e+00, 2.17707969e+00, 1.49370462e+00, 5.14185892e+00, 0.00000000e+00, 11.0000000000, 6.0387154809, 0.0115247776
          94, -1.18590567e-02, 6.78419564e-02, 0.00000000e+00, 0.00000000e+00, 0.00000000e+00, -2.70079311e-03, 6.78419564e-02, -1.18590567e-02, 0.00000000e+00, -1.74804167e-01, 0.00000000e+00, 0.00000000e+00, -1.18440124e+00, 2.14972223e+00, 1.47358789e+00, 5.11434924e+00, 0.00000000e+00, 11.0000000000, 6.2262154301, 0.0116732761
          95, -1.17378597e-02, 6.78387849e-02, 0.00000000e+00, 0.00000000e+00, 0.00000000e+00, -2.69332866e-03, 6.78387849e-02, -1.17378597e-02, 0.00000000e+00, -1.73025796e-01, 0.00000000e+00, 0.00000000e+00, -1.21230069e+00, 2.12183814e+00, 1.45291918e+00, 5.08655828e+00, 0.00000000e+00, 12.0000000000, 6.4246390016, 0.0118103039
          96, -1.16156527e-02, 6.78348724e-02, 0.00000000e+00, 0.00000000e+00, 0.00000000e+00, -2.68350060e-03, 6.78348724e-02, -1.16156527e-02, 0.00000000e+00, -1.71234238e-01, 0.00000000e+00, 0.00000000e+00, -1.24083034e+00, 2.09348391e+00, 1.43149448e+00, 5.05856331e+00, 0.00000000e+00, 12.0000000000, 6.6343511757, 0.0119731906
          97, -1.14925778e-02, 6.78302552e-02, 0.00000000e+00, 0.00000000e+00, 0.00000000e+00, -2.67142365e-03, 6.78302552e-02, -1.14925778e-02, 0.00000000e+00, -1.69431440e-01, 0.00000000e+00, 0.00000000e+00, -1.26998802e+00, 2.06469833e+00, 1.40912078e+00, 5.03041643e+00, 0.00000000e+00, 12.0000000000, 6.8558811444, 0.0121366969
          98, -1.13687659e-02, 6.78249579e-02, 0.00000000e+00, 0.00000000e+00, 0.00000000e+00, -2.65720466e-03, 6.78249579e-02, -1.13687659e-02, 0.00000000e+00, -1.67619210e-01, 0.00000000e+00, 0.00000000e+00, -1.29981320e+00, 2.03548155e+00, 1.38561652e+00, 5.00212147e+00, 0.00000000e+00, 12.0000000000, 7.0899327976, 0.0122663431
          99, -1.12444133e-02, 6.78189979e-02, 0.00000000e+00, 0.00000000e+00, 0.00000000e+00, -2.64097649e-03, 6.78189979e-02, -1.12444133e-02, 0.00000000e+00, -1.65800346e-01, 0.00000000e+00, 0.00000000e+00, -1.33039485e+00, 2.00578494e+00, 1.36081396e+00, 4.97362345e+00, 0.00000000e+00, 12.0000000000, 7.3376114060, 0.0124258917
         100, -1.11197618e-02, 6.78123888e-02, 0.00000000e+00, 0.00000000e+00, 0.00000000e+00, -2.62288918e-03, 6.78123888e-02, -1.11197618e-02, 0.00000000e+00, -1.63978324e-01, 0.00000000e+00, 0.00000000e+00, -1.36187756e+00, 1.97550054e+00, 1.33456684e+00, 4.94479988e+00, 0.00000000e+00, 12.0000000000, 7.6005589698, 0.0125642867
         101, -1.09950889e-02, 6.78051441e-02, 0.00000000e+00, 0.00000000e+00, 0.00000000e+00, -2.60310348e-03, 6.78051441e-02, -1.09950889e-02, 0.00000000e+00, -1.62157149e-01, 0.00000000e+00, 0.00000000e+00, -1.39447636e+00, 1.94444874e+00, 1.30675010e+00, 4.91544773e+00, 0.00000000e+00, 13.0000000000, 7.8811009546, 0.0127262682
         102, -1.08707327e-02, 6.77972849e-02, 0.00000000e+00, 0.00000000e+00, 0.00000000e+00, -2.58180358e-03, 6.77972849e-02, -1.08707327e-02, 0.00000000e+00, -1.60341711e-01, 0.00000000e+00, 0.00000000e+00, -1.42842983e+00, 1.91239893e+00, 1.27726370e+00, 4.88531545e+00, 0.00000000e+00, 13.0000000000, 8.1825051629, 0.0128631361
         103, -1.07470376e-02, 6.77888361e-02, 0.00000000e+00, 0.00000000e+00, 0.00000000e+00, -2.55917000e-03, 6.77888361e-02, -1.07470376e-02, 0.00000000e+00, -1.58536984e-01, 0.00000000e+00, 0.00000000e+00, -1.46402731e+00, 1.87904951e+00, 1.24603348e+00, 4.85408225e+00, 0.00000000e+00, 13.0000000000, 8.5086963122, 0.0130347248
         104, -1.06243766e-02, 6.77798345e-02, 0.00000000e+00, 0.00000000e+00, 0.00000000e+00, -2.53538873e-03, 6.77798345e-02, -1.06243766e-02, 0.00000000e+00, -1.56748340e-01, 0.00000000e+00, 0.00000000e+00, -1.50164763e+00, 1.84400961e+00, 1.21297477e+00, 4.82133191e+00, 0.00000000e+00, 13.0000000000, 8.8646535035, 0.0131709275
         105, -1.05030641e-02, 6.77703178e-02, 0.00000000e+00, 0.00000000e+00, 0.00000000e+00, -2.51061168e-03, 6.77703178e-02, -1.05030641e-02, 0.00000000e+00, -1.54980299e-01, 0.00000000e+00, 0.00000000e+00, -1.54167601e+00, 1.80684683e+00, 1.17805380e+00, 4.78662054e+00, 0.00000000e+00, 13.0000000000, 9.2570354158, 0.0133379648
         106, -1.03834259e-02, 6.77603326e-02, 0.00000000e+00, 0.00000000e+00, 0.00000000e+00, -2.48499394e-03, 6.77603326e-02, -1.03834259e-02, 0.00000000e+00, -1.53237528e-01, 0.00000000e+00, 0.00000000e+00, -1.58451561e+00, 1.76707431e+00, 1.14124099e+00, 4.74945751e+00, 0.00000000e+00, 14.0000000000, 9.6936226993, 0.0134954811
         107, -1.02657617e-02, 6.77499391e-02, 0.00000000e+00, 0.00000000e+00, 0.00000000e+00, -2.45866815e-03, 6.77499391e-02, -1.02657617e-02, 0.00000000e+00, -1.51524294e-01, 0.00000000e+00, 0.00000000e+00, -1.63062569e+00, 1.72414171e+00, 1.10247807e+00, 4.70929934e+00, 0.00000000e+00, 14.0000000000, 10.1837074734, 0.0136516345
         108, -1.01503713e-02, 6.77392027e-02, 0.00000000e+00, 0.00000000e+00, 0.00000000e+00, -2.43176385e-03, 6.77392027e-02, -1.01503713e-02, 0.00000000e+00, -1.49844859e-01, 0.00000000e+00, 0.00000000e+00, -1.68041623e+00, 1.67746291e+00, 1.06170704e+00, 4.66557961e+00, 0.00000000e+00, 14.0000000000, 10.7389286227, 0.0138229742
         109, -1.00376041e-02, 6.77281974e-02, 0.00000000e+00, 0.00000000e+00, 0.00000000e+00, -2.40443153e-03, 6.77281974e-02, -1.00376041e-02, 0.00000000e+00, -1.48204212e-01, 0.00000000e+00, 0.00000000e+00, -1.73430298e+00, 1.62637821e+00, 1.01881182e+00, 4.61766915e+00, 0.00000000e+00, 15.0000000000, 11.3725072424, 0.0139740844
         110, -9.92786200e-03, 6.77170083e-02, 0.00000000e+00, 0.00000000e+00, 0.00000000e+00, -2.37684216e-03, 6.77170083e-02, -9.92786200e-03, 0.00000000e+00, -1.46608101e-01, 0.00000000e+00, 0.00000000e+00, -1.79263918e+00, 1.57016294e+00, 9.73606441e-01, 4.56488814e+00, 0.00000000e+00, 15.0000000000, 12.1003964874, 0.0141563783
         111, -9.82161592e-03, 6.77057365e-02, 0.00000000e+00, 0.00000000e+00, 0.00000000e+00, -2.34919226e-03, 6.77057365e-02, -9.82161592e-03, 0.00000000e+00, -1.45063276e-01, 0.00000000e+00, 0.00000000e+00, -1.85561602e+00, 1.50803395e+00, 9.25816484e-01, 4.50651250e+00, 0.00000000e+00, 15.0000000000, 12.9409958567, 0.0143144556
         112, -9.71940014e-03, 6.76944948e-02, 0.00000000e+00, 0.00000000e+00, 0.00000000e+00, -2.32169581e-03, 6.76944948e-02, -9.71940014e-03, 0.00000000e+00, -1.43577409e-01, 0.00000000e+00, 0.00000000e+00, -1.92312660e+00, 1.43915942e+00, 8.75062310e-01, 4.44177841e+00, 0.00000000e+00, 15.0000000000, 13.9141320111, 0.0144906256
         113, -9.62182013e-03, 6.76834111e-02, 0.00000000e+00, 0.00000000e+00, 0.00000000e+00, -2.29458536e-03, 6.76834111e-02, -9.62182013e-03, 0.00000000e+00, -1.42159208e-01, 0.00000000e+00, 0.00000000e+00, -1.99459054e+00, 1.36268574e+00, 8.20836473e-01, 4.36989496e+00, 0.00000000e+00, 15.0000000000, 15.0387385342, 0.0146779239
         114, -9.52964429e-03, 6.76726298e-02, 0.00000000e+00, 0.00000000e+00, 0.00000000e+00, -2.26816169e-03, 6.76726298e-02, -9.52964429e-03, 0.00000000e+00, -1.40819772e-01, 0.00000000e+00, 0.00000000e+00, -2.06877586e+00, 1.27780060e+00, 7.62478112e-01, 4.29007007e+00, 0.00000000e+00, 15.0000000000, 16.3283904431, 0.0148241151
         115, -9.44367029e-03, 6.76623234e-02, 0.00000000e+00, 0.00000000e+00, 0.00000000e+00, -2.24272150e-03, 6.76623234e-02, -9.44367029e-03, 0.00000000e+00, -1.39570588e-01, 0.00000000e+00, 0.00000000e+00, -2.14368290e+00, 1.18391511e+00, 6.99235503e-01, 4.20164215e+00, 0.00000000e+00, 15.0000000000, 17.7842698573, 0.0150028528
         116, -9.36467999e-03, 6.76526967e-02, 0.00000000e+00, 0.00000000e+00, 0.00000000e+00, -2.21854595e-03, 6.76526967e-02, -9.36467999e-03, 0.00000000e+00, -1.38422863e-01, 0.00000000e+00, 0.00000000e+00, -2.21725317e+00, 1.08078742e+00, 6.30275013e-01, 4.10409499e+00, 0.00000000e+00, 15.0000000000, 19.3860602197, 0.0151876613
         117, -9.29343356e-03, 6.76439315e-02, 0.00000000e+00, 0.00000000e+00, 0.00000000e+00, -2.19595312e-03, 6.76439315e-02, -9.29343356e-03, 0.00000000e+00, -1.37387543e-01, 0.00000000e+00, 0.00000000e+00, -2.28797358e+00, 9.69097442e-01, 5.54684980e-01, 3.99748072e+00, 0.00000000e+00, 15.0000000000, 21.0996230187, 0.0153397440
         118, -9.23051134e-03, 6.76361847e-02, 0.00000000e+00, 0.00000000e+00, 0.00000000e+00, -2.17524789e-03, 6.76361847e-02, -9.23051134e-03, 0.00000000e+00, -1.36472975e-01, 0.00000000e+00, 0.00000000e+00, -2.35562602e+00, 8.51254501e-01, 4.71506680e-01, 3.88288873e+00, 0.00000000e+00, 15.0000000000, 22.8894257886, 0.0154939033
         119, -9.17619398e-03, 6.76295452e-02, 0.00000000e+00, 0.00000000e+00, 0.00000000e+00, -2.15668585e-03, 6.76295452e-02, -9.17619398e-03, 0.00000000e+00, -1.35683213e-01, 0.00000000e+00, 0.00000000e+00, -2.42269912e+00, 7.30225491e-01, 3.80430008e-01, 3.76197243e+00, 0.00000000e+00, 15.0000000000, 24.7434991651, 0.0156538318
         120, -9.13035137e-03, 6.76240203e-02, 0.00000000e+00, 0.00000000e+00, 0.00000000e+00, -2.14041867e-03, 6.76240203e-02, -9.13035137e-03, 0.00000000e+00, -1.35016394e-01, 0.00000000e+00, 0.00000000e+00, -2.49471854e+00, 6.07408206e-01, 2.80598318e-01, 3.63493544e+00, 0.00000000e+00, 15.0000000000, 26.7299206356, 0.0158116264
         121, -9.09248267e-03, 6.76195452e-02, 0.00000000e+00, 0.00000000e+00, 0.00000000e+00, -2.12648179e-03, 6.76195452e-02, -9.09248267e-03, 0.00000000e+00, -1.34465304e-01, 0.00000000e+00, 0.00000000e+00, -2.57511656e+00, 4.84873994e-01, 1.71020915e-01, 3.50328596e+00, 0.00000000e+00, 15.0000000000, 29.0407201121, 0.0159661019
         122, -9.06195118e-03, 6.76160233e-02, 0.00000000e+00, 0.00000000e+00, 0.00000000e+00, -2.11484841e-03, 6.76160233e-02, -9.06195118e-03, 0.00000000e+00, -1.34020765e-01, 0.00000000e+00, 0.00000000e+00, -2.66753946e+00, 3.61787551e-01, 5.01270126e-02, 3.36702715e+00, 0.00000000e+00, 15.0000000000, 31.8571110479, 0.0161449735
         123, -9.03798685e-03, 6.76133439e-02, 0.00000000e+00, 0.00000000e+00, 0.00000000e+00, -2.10540532e-03, 6.76133439e-02, -9.03798685e-03, 0.00000000e+00, -1.33671644e-01, 0.00000000e+00, 0.00000000e+00, -2.77567176e+00, 2.34506827e-01, -8.43262704e-02, 3.22455472e+00, 0.00000000e+00, 15.0000000000, 35.4338087855, 0.0163219355
         124, -9.01979217e-03, 6.76113870e-02, 0.00000000e+00, 0.00000000e+00, 0.00000000e+00, -2.09799886e-03, 6.76113870e-02, -9.01979217e-03, 0.00000000e+00, -1.33406406e-01, 0.00000000e+00, 0.00000000e+00, -2.90346610e+00, 9.74217994e-02, -2.35452715e-01, 3.07263843e+00, 0.00000000e+00, 15.0000000000, 40.1313704942, 0.0164694569
         125, -9.00659634e-03, 6.76100300e-02, 0.00000000e+00, 0.00000000e+00, 0.00000000e+00, -2.09246007e-03, 6.76100300e-02, -9.00659634e-03, 0.00000000e+00, -1.33213908e-01, 0.00000000e+00, 0.00000000e+00, -3.05579167e+00, -5.64066865e-02, -4.07502959e-01, 2.90622038e+00, 0.00000000e+00, 15.0000000000, 46.4923133687, 0.0166535253
         126, -8.99760679e-03, 6.76091510e-02, 0.00000000e+00, 0.00000000e+00, 0.00000000e+00, -2.08857773e-03, 6.76091510e-02, -8.99760679e-03, 0.00000000e+00, -1.33082677e-01, 0.00000000e+00, 0.00000000e+00, -3.23893389e+00, -2.34818319e-01, -6.06223752e-01, 2.71853237e+00, 0.00000000e+00, 15.0000000000, 55.4043603192, 0.0168134584
         127, -8.99198620e-03, 6.76086313e-02, 0.00000000e+00, 0.00000000e+00, 0.00000000e+00, -2.08608570e-03, 6.76086313e-02, -8.99198620e-03, 0.00000000e+00, -1.33000566e-01, 0.00000000e+00, 0.00000000e+00, -3.46132894e+00, -4.46776338e-01, -8.39381737e-01, 2.50101531e+00, 0.00000000e+00, 15.0000000000, 68.4092852185, 0.0169780840
         128, -8.98886370e-03, 6.76083597e-02, 0.00000000e+00, 0.00000000e+00, 0.00000000e+00, -2.08466755e-03, 6.76083597e-02, -8.98886370e-03, 0.00000000e+00, -1.32954915e-01, 0.00000000e+00, 0.00000000e+00, -3.73440325e+00, -7.02829922e-01, -1.11738471e+00, 2.24313997e+00, 0.00000000e+00, 15.0000000000, 88.3715713082, 0.0171605211
         129, -8.98748085e-03, 6.76082472e-02, 0.00000000e+00, 0.00000000e+00, 0.00000000e+00, -2.08402588e-03, 6.76082472e-02, -8.98748085e-03, 0.00000000e+00, -1.32934682e-01, 0.00000000e+00, 0.00000000e+00, -4.07331087e+00, -1.01548086e+00, -1.45377339e+00, 1.93216719e+00, 0.00000000e+00, 15.0000000000, 99.9000000000, 0.0173126752
         130, -8.98695536e-03, 6.76082069e-02, 0.00000000e+00, 0.00000000e+00, 0.00000000e+00, -2.08377798e-03, 6.76082069e-02, -8.98695536e-03, 0.00000000e+00, -1.32926989e-01, 0.00000000e+00, 0.00000000e+00, -4.46011577e+00, -1.38450114e+00, -1.83925964e+00, 1.56415902e+00, 0.00000000e+00, 15.0000000000, 99.9000000000, 0.0174877499
         131, -8.98676264e-03, 6.76081927e-02, 0.00000000e+00, 0.00000000e+00, 0.00000000e+00, -2.08368596e-03, 6.76081927e-02, -8.98676264e-03, 0.00000000e+00, -1.32924166e-01, 0.00000000e+00, 0.00000000e+00, -4.86817593e+00, -1.78838573e+00, -2.25102368e+00, 1.15985178e+00, 0.00000000e+00, 15.0000000000, 99.9000000000, 0.0176464507
         132, -8.98669354e-03, 6.76081878e-02, 0.00000000e+00, 0.00000000e+00, 0.00000000e+00, -2.08365261e-03, 6.76081878e-02, -8.98669354e-03, 0.00000000e+00, -1.32923154e-01, 0.00000000e+00, 0.00000000e+00, -5.28904904e+00, -2.20706257e+00, -2.67600739e+00, 7.41286356e-01, 0.00000000e+00, 15.0000000000, 99.9000000000, 0.0178179457
         133, -8.98666925e-03, 6.76081862e-02, 0.00000000e+00, 0.00000000e+00, 0.00000000e+00, -2.08364078e-03, 6.76081862e-02, -8.98666925e-03, 0.00000000e+00, -1.32922798e-01, 0.00000000e+00, 0.00000000e+00, -5.72060064e+00, -2.63700989e+00, -3.11139938e+00, 3.11599226e-01, 0.00000000e+00, 15.0000000000, 99.9000000000, 0.0179940847
         134, -8.98666087e-03, 6.76081856e-02, 0.00000000e+00, 0.00000000e+00, 0.00000000e+00, -2.08363667e-03, 6.76081856e-02, -8.98666087e-03, 0.00000000e+00, -1.32922675e-01, 0.00000000e+00, 0.00000000e+00, -6.16159626e+00, -3.07668514e+00, -3.55586759e+00, -1.27778318e-01, 0.00000000e+00, 15.0000000000, 99.9000000000, 0.0181408082
         135, -8.98665803e-03, 6.76081854e-02, 0.00000000e+00, 0.00000000e+00, 0.00000000e+00, -2.08363527e-03, 6.76081854e-02, -8.98665803e-03, 0.00000000e+00, -1.32922633e-01, 0.00000000e+00, 0.00000000e+00, -6.61112763e+00, -3.52508076e+00, -4.00842982e+00, -5.75876862e-01, 0.00000000e+00, 15.0000000000, 99.9000000000, 0.0183181299
